Белый рис вареный на воде,117,3,25,0.4
Пюре картофельное с маслом,109,2,15,5
Овощной салат с маслом,57,2,6,3
Картофельное пюре с молоком и маслом,112,2,17,4
Борщ с курицей,46,4,4,2
квашеная капуста с морковью,19,2,5,0.07
Каша овсяная на воде,88,3,15,2
Бутерброд с колбасой,248,11,20,12
Бутерброд с колбасой и сыром,262,11,18,16
Борщ со свининой,64,3,4,4
булгур вареный на воде,97,3,19,0.24
Морковь по-корейски,113,1,9,8
Плов с курицей,151,8,17,9
Суп куриный с вермишелью,40,4,3,2
Оливье,144,6,11,11
Капуста тушеная,69,2,5,3
Пицца домашняя,271,10,29,11
Винегрет овощной,76,2,7,5
Картошка печеная,91,2,19,0.1
Картофельное пюре на воде,88,2,19,0.5
Шаурма с курицей,174,9,14,9
"Овощной салат с помидорами, огурцами, зеленью, оливковым маслом",72,1,4,5
Плов со свининой,223,10,22,9
Салат из огурцов и помидоров,57,0.81,3,4
Бутерброд с маслом и сыром,310,10,26,19
Голубцы с рисом и мясом,93,8,2,6
борщ из говядины,47,3,3,2
Салат капуста с морковью,60,1,13,4
Пельмени,289,12,29,12
Салат Цезарь с курицей,180,13,5,7
Салат крабовый с майонезом,134,7,2,8
суп гороховый с картофелем,55,2,7,2
Салат из свежей капусты,73,2,7,4
Пшеничная каша вареная на воде,105,4,21,0.4
куриный суп с вермишелью и картошкой,96,5,11,4
Пюре картофельное с молоком без масла,78,2,15,1
Перловая каша на воде,112,3,22,0.4
Свинина тушеная,270,19,3,20
плов из говядины,219,11,18,9
Суп с картофелем и фрикадельками,58,3,6,2
Рис тушеный с овощами,130,2,24,3
Котлета рыбная,172,13,13,8
картофель вареный в мундирах,92,2,21,0.1
Суп куриный с овощами,56,5,5,2
Каша рисовая на молоке,143,4,27,2
Макароны с сыром,103,6,3,7
Суп-лапша с курицей,63,4,7,3
Винегрет с квашеной капустой и горошком,89,2,10,4
Суп грибной с картофелем,45,0.8,3,4
Говядина тушеная,232,17,0,18
Морская капуста маринованая Санта Бремор,23,0.6,4,0.4
гречневый суп с курицей,67,5,6,3
салат из пекинской капусты с огурцом и укропом,39,2,2,3
Вермишель быстрого приготовления со вкусом курицы Reeva,405,7,53,18
Щи из свежей капусты с курицей,40,4,4,1
Селедка под шубой,197,6,8,16
Гречка с мясом,117,8,13,3
Роллы Филадельфия,153,4,23,7
Рассольник,37,2,4,1
Тушеная картошка,148,5,12,9
запаренная гречка,92,3,20,0.6
Суп гороховый с курицей,55,4,6,1
чечевица красная вареная,138,12,25,0.4
Молочная манная каша,149,5,19,6
Борщ постный,29,0.8,5,0.6
Картофельные драники (деруны),197,3,19,11
пельмени со сметаной,188,10,1,12
Тефтели свиные с рисом,205,13,8,14
Булгур с маслом сливочным,147,4,24,4
спагетти твердые отварные,120,4,21,0.7
салат из капусты с огурцом,34,2,5,0.84
бутерброд с красной рыбой и огурцом,299,12,12,12
морковка по корейски,104,2,12,6
ячневая каша вареная на воде,76,2,16,0.3
Горчица французкая Своя Линия,183,9,23,7
Запеченная картошка с мясом в духовке,170,8,9,13
Греческий салат,101,4,3,7
каша овсяная на молоке с сахаром,152,5,24,4
Вермишель быстрого приготовления со вкусом куриного бульона с овощами и зеленью,450,10,62,18
Отварная картошка с маслом,128,2,14,7
Суп гороховый с копченостями,91,3,7,6
ленивые голубцы,124,7,12,5
шаурма с курицей и овощами,143,5,16,6
Пельмени куриные,164,16,19,3
Котлеты курино-свиные,157,23,2,5
Суши Ассорти,224,10,25,8
Рассольник с перловкой на курином бульоне,56,2,6,2
Тефтели куриные,134,17,12,1
Картошка тушеная со свининой,142,6,9,9
жареные пельмени,256,15,17,12
Салат греческий с фетой,108,4,4,9
картофель тушеный с мясом,133,5,11,8
Солянка по-домашнему,89,5,4,6
Капуста квашенная по-деревенски,30,2,5,0.1
Салат из помидоров и огурцов со сметаной 15%,30,1,4,2
Салат оливье с курицей,112,7,11,4
Винегрет домашний,64,3,7,1
мясо жареное,399,35,0,29
Рисовый суп с курицей,59,4,8,1
пшено вареное на воде,95,3,20,0.8
гречка с жареным луком и морковью,121,2,11,8
картошка тушеная с курицей,149,8,9,9
Овощной салат со сметаной,54,2,4,1
Перец фаршированный с рисом и фаршем,121,5,18,3
Салат из свеклы с маслом,85,2,10,4
омлет с сыром из двух яиц,134,10,3,10
Куриный суп с картофелем,45,3,2,2
салат капуста свежая и огурец,31,2,4,0.54
греча перевареная,64,2,14,0.7
пицца пепперони,255,14,28,10
Наггетсы куриные классические Мираторг,180,14,14,8
лапша быстрого приготовления со вкусом курицы Доширак,460,9,62,19
суп рыбный с картофелем,61,4,6,3
Вареники домашние с картошкой,163,4,24,7
паста карбонара с беконом,198,10,22,8
Гречка с курицей,130,12,14,3
яичница с колбасой,230,15,2,18
роллы запеченные,175,4,29,4
блины домашние с мясом,216,8,23,11
Блины с творогом и изюмом,181,9,17,4
Капуста маринованная,40,0.91,8,0.16
"Салат пекинская капуста, огурец, кукуруза",73,2,8,4
Щи со свининой,59,2,3,5
Салат сельдь под шубой классический вес Лента,199,5,6,18
суп харчо с мясом и рисом,75,3,6,4
кабачковая икра домашняя,64,1,8,3
Салат Мимоза,197,8,9,13
Каша геркулес на воде,98,3,17,2
буженина из индейки запечённая,110,12,4,5
холодец со свиных ножек и курицы,114,10,0.2,8
Капуста тушеная со свининой,119,6,4,9
"тушеные овощи: брокколи, цветная капуста, морковь",21,2,3,0.2
бургер классический,254,13,25,12
пицца 4 вида сыра,259,11,28,12
домашние голубцы,128,6,12,6
"Салат с крабовыми палочками, яйцом, огурцом, кукурузой и майонезом",133,4,11,8
яичница с помидорами,125,6,2,10
Гречка с молоком,137,5,22,3
Сухарики со вкусом ветчины и сыра ржаные Кириешки,410,11,68,10
Борщ со сметаной,58,1,4,3
Шаурма классическая,242,10,22,12
Макароны с тушенкой,186,8,14,14
Горчица французская Верес,128,5,16,5
говяжий язык отварной,231,24,3,15
Гренки из белого хлеба с яйцом (без молока),342,10,49,14
Каша рисовая молочная(вода/молоко),89,2,18,0.86
Суп овощной на воде,26,2,2,1
Сырный суп с курицей и картофелем,54,6,3,2
овсянка на воде с маслом,128,3,16,5
картошка по деревенски,140,3,13,4
булгур с овощами,141,3,24,3
Лапша быстрого приготовления со вкусом говядины Квисти Доширак,459,8,54,17
Капуста тушеная с курицей,90,6,7,3
Суп с макаронами и картошкой,55,4,4,2
Омлет с помидором,105,8,2,7
Салат из квашеной капусты и масла,63,2,12,4
броколи замороженная Своя линия,27,3,2,0.3
котлеты из говяжьего фарша,197,11,14,11
салат помидоры огурцы лук зеленый без заправки,18,1,4,0.13
Суп гороховый,58,2,8,2
рис варёный с маслом,119,2,23,2
Салат из огурцов и помидоров с растительным маслом,59,0.87,5,5
Тефтели из говядины с рисом,176,12,11,12
Беляш жареный с мясом,369,10,30,24
Рис басмати варенный,77,2,23,0.2
Жульен с курицей и грибами,152,12,5,12
рубленые котлеты с куриной грудки,118,22,0.95,3
бутерброд с печеночным паштетом,274,11,22,15
Рассольник со свининой,62,2,4,4
горчица зернистая Махеев,218,8,24,10
Зеленый борщ с яйцом,58,3,3,4
Чизбургер Макдоналдс,256,14,26,11
Салат с капустой и морковью,71,2,6,5
Каша пшенная на молоке и воде,102,4,17,2
щи из капусты с говядиной,42,3,3,2
Манты,179,10,23,6
Сочная клубника и киви продукт творожный Даниссимо,135,5,16,6
Пшенная каша на молоке с маслом,151,4,17,7
подлива мясная,170,14,5,10
уха рыбная,58,5,7,2
Хот Дог с молочной сосиской,297,9,25,18
Курица запеченная в духовке с картошкой,170,9,8,11
Макароны с мясом,215,6,21,16
Оливье с майонезом,160,6,8,12
суп куриный с домашней лапшой и картофелем,43,5,4,0.6
Шницель из куриного филе,147,22,3,5
"Салат с пекинской капустой, помидор, огурец, сок лимона",34,1,3,2
каша рисовая на воде,101,2,22,0.2
запеченный картофель в мундирах,94,2,16,2
Сироп к кофе Соленая карамель Monik,265,0,65,0.1
Солянка с колбасой,107,7,2,8
Гречневая каша на молоке,102,4,19,2
Геркулесовая каша на молоке,140,5,20,4
Вареная картошка с жареным луком,100,2,14,4
Горячая кружка куриная с сухариками Maggi Магги,365,6,65,8
Суп овощной с курицей,35,3,4,1
Пюре картофельное с сухариками Роллтон,370,6,66,8
Смесь салатных листьев итальянская ,22,2,3,0.3
гороховая каша,97,7,17,0.59
Шаурма домашняя,182,10,20,7
Пельмени с бульоном,135,9,7,8
пицца с курицей,193,10,27,5
Окрошка с майонезом,92,3,4,7
Вареники с капустой,159,5,20,3
Блинчики без начинки С пылу с жару,140,4,23,4
Щи из квашеной капусты с курицей,46,4,2,2
 Королевский 67% Королівський смак,605,0.1,3,67
Жареная картошка с яйцом,123,5,13,6
Фунчоза с овощами и куриным филе,137,7,22,4
кукурузная каша на воде без сахара,90,3,20,0.46
"Пельмени классические свинина, говядина зелень Бабушка Аня",260,9,31,11
Вермишель быстрого приготовления со вкусом куриного бульона С овощами и зеленью Острая Мивина,451,10,62,18
омлет из двух яиц с молоком 3.2% и колбасой,122,9,2,9
Куриное филе в желе с овощами Ганна,70,13,0,2
Салат из пекинской капусты и помидоров,48,1,4,3
Каша геркулесовая на молоке и воде,105,3,16,2
"салат из пекинской капусты, огурцов и растительного масла",43,1,5,2
 на перепелином яйце Mr. Ricco,610,0.4,2,67
"овсяная каша на молоке без масла, без сахара вязкая",108,4,14,4
Горчица Дижонская Торчин,186,6,20,7
лаваш ремесленный из цельнозерновой муки Аютинский хлеб,194,8,37,2
Морковь по-корейски Самое время Санта Бремор,76,0.7,11,3
Каша кукурузная на воде,96,3,21,0.5
топпинг карамель со сгущённым молоком Махеев,293,1,68,2
Рагу овощное с курицей,84,7,5,3
Запеканка картофельная с мясом,151,6,12,7
Салат витаминный,72,1,6,4
тефтели ежики домашние,150,15,5,10
Суп щи с фрикадельками,80,4,6,4
Манты с говядиной,191,10,17,9
Рыбный суп из консервов,53,3,3,4
Ленивые твор вареники,113,16,2,2
Тыквенный суп пюре со сливками,62,0.8,6,4
Капуста квашеная с клюквой Розумний Вибір,28,2,5,0.1
 провансаль столичный 50% Камако,470,3,3,50
Салат из свеклы с чесноком,77,2,11,4
пицца Гавайская,208,12,15,11
тунец рубленый в собственном соку Красная цена,133,24,0,0
Драники со сметаной,160,4,16,3
Салат из капусты и морковки с заправкой,72,2,11,2
Суп-пюре из чечевицы,78,8,11,0.89
"Салат из свежих овощей (помидоры, лист салата, масло оливковое)",53,1,4,4
Томатная паста,114,2,24,0.5
Сгущенка низкокалорийная без сахара,163,5,7,6
Картофель жареный с луком,101,2,10,4
мидии в масле,210,8,1,19
Салат Цезарь с майонезом,183,11,11,11
гарячий бутерброд с сыром,228,10,25,9
Плов из булгура с курицей,111,8,14,3
Горчица американская неострая Торчин,155,4,21,5
Суп фасолевый,94,5,14,2
Хинкали,210,8,30,8
Рисовый суп,53,2,7,2
котлеты домашние жареные,230,15,17,5
Суп Капустняк,55,3,7,2
Фунчоза готовая,82,0.2,19,0.1
сырный рамен Доширак,421,10,68,12
школьная пицца,350,14,51,11
Борщ постный с фасолью,57,2,4,2
рис с курицей и овощами,206,9,26,7
Перловка с морковкой и луком,111,3,17,2
Тефтели куриные с рисом,127,11,8,6
Куриное филе запечённое с помидором под сыром,152,16,1,9
жареные рыбные котлеты,138,13,7,6
Салат овощной с тунцом и яйцом,107,7,8,5
Лапша быстрого приготовления со вкусом жареной свинины Reeva,407,8,0,19
Суп сырный,60,5,17,2
Морковь по-корейски Рестория Шеф,96,4,11,4
макароны с подливкой,124,6,18,2
Бутерброд с ветчиной,355,10,18,28
Роллы темпура Суши Шоп,230,6,35,7
бутерброд с рыбой и маслом,344,13,25,21
запеченый картофель рукав,83,2,17,2
Суп картофельный с рисом и фрикадельками,56,2,7,3
Грибной крем-суп,50,1,7,2
Спаржа по-корейски,105,1,0.5,10
Куриная голень тушеная,160,27,0.3,6
Чебупицца курочка по-итальянски Горячая штучка,220,12,21,10
Макароны с жареным фаршем,197,8,11,12
Рассольник с говядиной,63,4,4,3
картошка в духовке с курицей,88,11,9,0.7
Суп Шурпа с говядиной,69,6,4,3
Беляши,239,14,24,13
Борщ красный на свином бульоне,59,3,14,2
манная каша молоко вода,91,2,18,1
куринный бульон,15,2,0.3,0.5
Салат Шуба со сметаною,90,4,6,4
Конвертики из лаваша с творогом и сыром,257,17,22,12
Куринный суп с лапшой,51,2,9,3
гречка с кефиром,51,4,8,0.2
Лапша с говядиной по-домашнему Роллтон,390,7,52,17
Наггетсы куриные жаренные,268,25,6,12
Винегрет без масла,43,1,9,0.16
Грибы запеченные в духовке,30,4,0.5,1
Овощной салат с майонезом,84,1,0,6
гуляш из куриного филе,101,15,2,3
хот-дог баварский,230,6,22,13
Салат Крабовый (без майонеза),87,4,14,1
"Толчёная картошка с молоком 2,5% и сливочным маслом",90,2,16,1
Сендвич с ветчиной,165,11,16,8
яичница без масла,174,14,0.9,12
куриные катлетки,143,26,3,3
"Салат (капуста, яйцо, крабовые палочки, кукуруза, майонез)",107,5,7,7
Крем-суп куриный с крутонами Reeva,425,6,49,22
пицца маргарита,250,10,37,7
Картофель печенный,70,2,15,0.1
Ленивые голубцы с куриным фаршем,154,7,8,7
картофель тушенный,109,3,14,4
Салат фунчоза с овощами,145,3,30,2
Каша тыквенная с рисом на молоке,91,2,20,2
Гречка с грибами и луком,101,3,10,3
Лапша быстрого приготовления с куриным вкусом по-домашнему Роллтон Rollton,399,8,49,18
"салат (огурцы, помидоры, зелень, растительное масло)",58,0.8,3,4
Бутерброд с салом,381,5,28,27
Фунчоза под китайским устричным  ----ом с грибами шиитаке Sen Soy,279,3,47,8
Щи из свежей капусты с картофелем,38,1,2,4
бутерброд с белым хлебом колбасой,287,15,18,16
Пирог с картофелем и мясом,212,9,29,7
Икра из баклажан,50,1,6,3
Солянка сборная мясная,72,4,1,4
Горячий бутерброд с помидорами и сыром,301,8,9,26
Салат Маш Свежая зелень Пучок-Свіжачок,25,2,2,0.3
пюре яблоко от природы Фруто няня,36,0,9,0
Салатная смесь Тоскана,16,2,2,0.2
Картошка жареная с грибами,114,4,13,5
морская капуста витаминная,162,10,10,8
Оливье салат без майонеза,119,6,9,6
Салат морковь по-корейски Мировой закусон,167,1,0,13
манты с картошкой и говядина,233,5,39,8
Вермишель Петра,428,8,56,19
суп овощной на бульоне,40,3,3,2
Горчица французская,176,8,16,6
Пшенная каша с тыквой на молоке и воде,88,3,18,1
Чебурек Богатырь с мясом Жаренки,258,11,32,10
квртошка в мундире,74,2,16,1
Лазанья мясная,142,8,19,4
Винегрет с фасолью и маслом,82,3,9,4
свинина жареная с луком,254,16,1,21
Наггетсы сливушки куриные Вязанка,250,10,0,13
цветная капуста в кляре,112,7,14,3
 Московский провансаль классический 67% Я люблю готовить,619,0.3,2,67
Кукурузная каша на молоке,121,4,16,5
Котлета печеночная,167,17,6,8
чипсы картофельные со вкусом курицы Mega Chips Мега Чипсы,510,7,53,30
колбаски для жарки куриные,190,15,2,14
ленивый голубец со свининой,152,11,3,11
Суп с картофелем и вермишелью,52,4,4,2
морковь по-корейски леор,110,2,8,8
Салат морковь по-корейски Рестория шеф,100,2,8,7
Изделия кулинарные готовые с ветчиной и сыром Чебупели Горячая штучка,230,8,31,8
Салат фруктовый,50,0.7,12,0.1
Салат Свекла с чесноком и сметаной,62,2,6,2
Курица запеченая в сметане,74,6,4,4
Шаурма со свининой,193,7,21,13
Брокколи тушеная,64,3,7,2
картофель запечённый в духовке в фольге,100,2,17,2
Наггетсы куриные с сыром Мираторг,207,12,17,10
Пшеная каша на молоке,115,4,14,5
Том Ям с морепродуктами,97,4,13,6
Уха из горбуши,38,2,4,1
гречка с курицей и овощами,119,8,10,5
Молочный суп с вермишелью,76,2,10,2
Суп-лапша домашний,50,1,6,2
кашка овсяные хлопья с клубникой со сливками Минутка Кунцево,340,10,66,4
Пирог с капустой,208,6,15,14
Гречка по купечески,132,8,12,6
Салат чука из морских водорослей Санта Бремор,140,0.9,8,12
салат из свежей капусты с морковью и яблоком,74,2,5,5
Пельмени с начинкой из куриного фарша,275,12,29,9
Вареники с вишней,182,4,39,0.9
Овсяная каша без варки с молоком черника Mollis,360,10,66,5
Салатный микс руккола шпинат Зелена грядка,67,2,6,3
Сальтисон куриный Петруха,130,11,0,9
Рис с мясом,183,12,20,9
лагман с говядиной,92,4,12,3
Вареники с картошкой и грибами,150,5,27,2
кабачок запеченый в духовке,24,1,4,0.3
Лаваш с яйцом и сыром,219,11,23,9
сырники 5% из зерненого творога,214,14,18,10
Гречка с подливой,127,2,13,6
Спагетти болоньезе,191,10,19,10
Бульмени с говядиной и свининой со сливочным маслом Мясная галерея Горячая Штучка,251,9,29,11
Манная каша на молоке с маслом и сахаром,180,4,22,8
Блины с творогом Мираторг,170,7,20,7
Салат из пекинской капусты с огурцами и горошком,68,2,4,4
Салат из морской капусты Дальневосточный Fish house,53,2,5,3
Куриные котлеты пп,115,13,2,6
Студень праздничный Брестский мясокомбинат,55,8,0.1,2
Донер с курицей,174,9,14,9
пеперони фреш большая традиционное тесто Додо пицца,243,10,0,9
Онигири с креветкой Фуджи,124,11,21,2
Уха из форели,34,3,4,0.5
Изделия кулинарные готовые сочные с мясом Чебупели Горячая штучка,280,11,39,8
Роллы с сыром и лососем,190,13,17,8
Гречневая крупа в пакетах для варки Селяночка,360,13,72,2
Хлебцы цельнозерновые минские Санте Дары планеты,310,12,60,2
Драники с фаршем,148,6,12,9
Грибной суп с плавленым сырком,88,6,8,5
Бутерброд с авокадо,207,0.8,15,14
Салатный микс Легкий день Зелена грядка,17,1,2,0.2
Венигрет Реми,115,2,11,7
Жаркое по-домашнему,108,5,10,5
"салат ( огурцы, помидоры, капуста, майонез)",69,2,4,5
Картошка с мясом по французски,196,9,10,14
Макароны с сосисками,183,6,50,10
Куриная грудка запеченная с сыром,122,20,2,3
макароны с мясом и овощами,131,6,14,6
Бутерброд с колбасой и огурцом,235,9,17,14
Чипсы картофельные со вкусом сметаны и лука Люкс,522,6,51,33
катлета на пару,192,15,4,12
пшеная каша на воде,105,3,19,0.77
Плов с индейкой,123,11,24,4
Свекла тушеная,53,2,10,0.7
Курица с грибами в сливках,113,17,2,4
Творог с бананом,121,10,12,3
"Салат из капусты, огурцов и помидоров и зелени",58,1,4,4
Суп с фрикадельками (свинина) и лапшой.,79,5,2,6
Картошка тушеная с грибами,67,2,9,2
чипсы супер рифление грибы в сливочном  ----е Lays maxx,520,6,53,32
Тыквенная каша с пшеном на молоке,104,4,16,2
паштет печеночный с маслом,300,9,0,29
Салат из курицы с ананасом,170,7,3,15
Мясные подушечки Боярские Брестский мясокомбинат,250,9,26,12
Пюре Яблоко-груша-слива для детского питания Сады придонья,48,0,12,0
Салат из пекинской капусты с майонезом,145,3,12,10
Гречка с овощами,98,3,24,5
Окрошка на кефире,47,3,4,2
Хотстеры Горячая штучка,239,8,19,13
 на перепелиных яйцах Слобода,610,0.5,1,67
борщ с говядиной и картофелем,143,10,4,10
Салат из морских водорослей маринованных Чука с ореховым  ----ом Санта Бремор,93,3,12,4
Биток Куриный Сильпо,183,19,0,12
Налисники с творогом,164,7,14,9
Горчица крепкая Торчин,162,6,15,7
салат с тунцом и овощами,143,2,4,13
Гуакамоле,149,2,5,13
Овощной суп с чечевицей,59,3,7,2
Кускус с овощами без масла,98,4,9,0.59
Капуста тушеная с сосисками,83,3,5,6
Сырники Галя Балувана,211,16,18,8
"Подлива (мука, лук, морковь, томатная паста)",30,1,6,0.2
Жареный лаваш с сыром и помидором,273,10,19,11
суп картофельный с курицей,56,3,8,1
Крабовый салат без риса с майонезом,123,7,8,7
Купаты куриные,216,15,0.16,16
"салат из морской капусты, моркови, сельдерея",54,2,8,2
Крем-суп тыквенный,58,0.9,7,3
Курица с сыром и помидорами в духовке запеченная,130,20,1,5
Пицца домашняя на дрожжевом тесте с овощами и колбасой,219,9,15,14
Картошка с мясом (свинина),94,7,2,6
Французский хот-дог,296,10,18,15
Щи из квашеной капусты с картофелем,32,0.6,3,2
Котлеты из говядины в духовке,185,19,3,14
Картошка запечённая в сметане,75,2,15,0.8
Рис с морковью,100,2,16,4
Драники с мясом,188,5,13,15
Салат оливье классический Лента,164,3,6,14
Бутерброд с куриными паштетом,166,6,5,13
буряк отв+майонез+чеснок,123,2,10,8
Суп рассольник с курицей Вкусвилл,45,3,3,2
Пельмени Потешки мясные подушечки Брестский мясокомбинат,241,10,26,11
Лапша быстрого приготовления со вкусом сыра и зелени Reeva,420,8,51,20
Овощи итальянские Kuveg,36,2,5,0.3
котлета из куриного филе,175,23,0,12
творожная запеканка диетическая,119,14,7,3
Тост с сыром,191,1,23,9
Борщ на курином бульоне с зажаркой,46,3,5,2
"Пюре фруктовое из яблок, шиповника и клюквы Дары Кубани",45,0,11,0
Каша ячневая с маслом,129,4,28,4
Подлива из курицы,88,4,7,4
бутерброды с маслом и сёмгой,262,16,18,15
булка с маслом,260,5,27,15
Суп овощной на курином бульоне,41,3,3,2
Спаржа соевая по-корейски Рестория шеф,94,10,9,2
Пюре быстрого приготовления картофельное с мясным вкусом Роллтон Rollton,370,6,67,8
"Салат из свежей капусты, моркови и свеклы",81,1,7,5
овсяные хлопья экстра №1 Новокаша,360,13,64,6
 72% Европейский Торчин,669,0.5,4,72
Воппер Бургер Кинг Burger King,230,8,19,13
Пюре яблочно-банановое без добавления сахара стерилизованное ABC ЭКО Будь здоров,45,0.3,11,0.1
Куриный бульон с макаронами,76,4,12,1
Сосиска в лаваше,256,3,20,20
Печенка с луком,85,9,1,5
Перловый суп,41,2,6,1
Жаркое с курицей,114,12,10,4
Лазанья Болоньезе с сыром в  ----е Бешамель Мираторг,149,7,15,7
Тунец макрелевый натуральный куски Фрегат,110,26,0,1
шашлычный Щедро,108,1,25,0
Тост с маслом,264,8,27,14
Окрошка на воде со сметаной,53,2,4,3
Бутерброд с икрой,253,12,19,15
макароны с курицей варенные,214,12,27,7
Гречка с тушенкой,196,7,29,13
Гречка с грибами,126,3,20,3
Уха из лосося,51,6,5,0.2
Оладушки на кефире,254,6,36,10
Рис пропаренный длиннозерный шлифованный Бабушкина кухня,360,7,82,0.3
Котлеты гречаники,203,12,17,9
Кашка 5 злаков молочная с персиком перед сном Фрутоняня,70,2,10,2
Блины Французские с курицей замороженные Своя Линия,129,6,22,2
Сухарики пшенично-ржаные во вкусом красная икра Флинт Flint,423,11,75,8
 ---- шашлычный с ароматной зеленью Слобода,88,2,20,0
Карпаччо из индейки Черкизово,154,34,0,2
Нагетсы с ветчиной жареные Мираторг,210,13,18,10
Морква по-корейски Фора,114,0.7,9,8
Горчица французская АВС,210,8,19,11
Овощной суп-пюре,27,2,2,1
Суп грибной с перловкой,48,1,8,2
Тосты с ветчиной и сыром,287,13,26,14
Салат свежий микс со шпинатом Зелена країна,14,1,2,0.5
тушеная капуста с куриным филе,86,13,3,2
Пшенка на воде,122,3,17,1
суп гречневый без мяса,43,3,5,1
капуста цветная тушёная,62,1,10,1
Чашка супа сырный суп с сухариками Knorr кнорр,406,8,55,17
Шаверма,156,11,24,6
Хинкали с говядиной и свининой,247,10,27,11
Омлет с сосисками,132,7,4,10
картошка фри маленькая MacDonalds,385,5,29,18
крупа перловая Увелка,310,10,61,1
Пшенная каша на воде,91,3,18,0.73
Картофельная бабка,101,5,15,3
"Тыквенный суп пюре (тыква, морковь, лук)",40,1,6,2
Картофельные чипсы соломкой со вкусом сметаны и специй Pomsticks,503,6,53,29
"Картофель по-деревенски, дольки.",330,4,29,23
Хот-дог,320,9,27,20
Салат свекольный!,60,2,8,3
Яичная лапша вареная,148,5,29,1
Гуляш из свинины (нежирной),87,5,6,5
Вермишель быстрого приготовления на домашнем бульоне с грибами Роллтон Rollton,412,8,52,19
творожная масса с курагой 23%,340,8,30,23
Мексиканские Лепешки Tortillas,280,7,46,7
Рыбный бульон,16,2,0.4,0.6
Салат греческий с брынзой,83,3,3,7
Цветная капуста с яйцом,65,4,5,4
Хлеб жареный.,406,11,57,18
 европейские постный АВС,200,0,4,20
Тефтели с рисом,201,7,9,16
Куриное филе запеченное с овощами.,114,20,2,2
Бульон свиной,42,6,0,2
Бешбармак,160,9,17,5
Шаурма с говядиной,189,7,12,15
Колдуны с мясным фаршем,151,6,16,7
Каша 5 злаков на молоке,125,4,20,4
Багета с курицей Гама,281,17,28,11
Онигири Тунец Фуджи,113,4,21,1
Куриный фарш жареный с овощами,111,12,3,6
Суши лосось классика,152,11,13,6
Чикен ролл Макдональдс,158,9,26,5
салат пекинская капуста огурец сметана,44,1,2,3
лаваш с колбасой и сыром,333,15,15,23
Зразы картофельные,145,17,2,8
"Пицца с сыром, помидорами и грибами",119,8,14,3
Суп-харчо,93,3,5,6
пюре с котлетой,138,4,14,8
Макороны по Флотски,290,12,27,14
Хлеб Маг десертный,310,8,59,5
Тушенная куриная грудка с грибами в сметане,110,13,2,6
Оливье со сметаной,105,5,10,7
пица ветчина и грибы,238,12,33,9
мясо тушеное с овощами,126,9,5,9
курица тушёная с луком и морковью,131,10,0.9,10
Рулет из лаваша с крабовыми палочками,190,7,17,7
Лазанья с фаршем и лавашом,221,15,8,15
Манка Шебекинская,350,13,72,1
Пицца с курицей и грибами,300,12,29,14
Блины со сметаной,254,18,6,18
Котлеты сливочные с сыром Петруха мастер,200,14,7,13
ролини с курицей,215,7,23,11
сыр плавленый сливочный Витако,305,10,5,27
Картошка тушеная с овощами,84,2,10,3
Салат из свеклы со сметаной и чесноком,55,2,10,0.92
Блины с творогом Морозко,211,7,34,6
"'"Блины с ветчиной и сыром '"'"С пылу с жару'"'"'"",140,6,18,6
Блины с курицей и грибами,178,12,22,9
шашлык из грудки куриной,108,20,3,2
суп-лапша Чан Рамен со вкусом острой говядины Доширак,437,8,60,18
Блины замороженные с куриным мясом Levada,225,8,23,11
Пюре картофельное быстрого приготовления со вкусом мяса Доширак,390,8,71,8
Голубцы с куриным фаршем,112,8,5,6
Vорская капуста Fish House,50,0.5,2,4
Пирог с капустой и яйцом,177,5,23,7
Манты из говядины с тыквой,168,8,24,5
Борщ с индейкой,60,4,7,2
гречка с котлетой,300,15,46,6
чипсы Луковые кольца.,360,5,47,17
Цветная капуста запеченная с сыром,85,6,3,6
цветная капуста на пару,30,2,5,0
Суп куриный с гречкой,57,4,8,1
Грибы фаршированные фаршем и сыром,91,12,0.76,4
Салат из свежих помидоров,45,0.99,3,2
Запеканка с курицей и брокколи,103,13,2,5
Сырный суп с грибами и курицей,82,8,1,5
Гренки,396,9,65,10
Суп с рисом и картофелем,52,1,10,0.96
капуста по-белорусски Leor,45,1,6,2
Блины с мясом С пылу с Жару,140,6,19,6
Каша овсяная абрикос Ясно Солнышко,360,9,66,4
Сырный суп с грибами и картофелем,44,5,2,2
Морская капуста с крабовым мясом Fish House,251,2,3,26
каша рисовая с маслом,119,2,16,5
Суп быстрого приготовления куриный с крутонами Soupen,442,4,0,26
морковка по-корейски Чудова марка,114,0.7,9,8
Салат Оливье Ручна Робота,189,6,8,14
Капуста тушенная с картошкой,68,2,9,3
Чашка супа харчо с сухариками Knorr,340,7,59,8
Вареники с мясом,242,11,26,10
гречка с куриной грудкой,143,11,15,4
Смесь овощная овощи весенние замороженные Gusto,40,3,5,0.3
"Суп с фасолью, говядиной, картошкой",95,8,9,3
Цельнозерновой бездрожжевой заварной подовый Рижский хлеб,205,9,43,2
Суп с клецками,39,2,5,1
Багета Гурман Гама,311,11,32,17
Рыбные котлеты из минтая в духовке,105,16,6,2
капуста тушёная с овощами,35,1,4,1
Картошка с грибами вареная,65,2,10,2
"пюре яблоко,клубника,черника Heinz",60,0.4,14,0.2
красная рыба вареная,190,20,0.24,12
Филе куриное в кляре,209,17,7,12
Суп с тефтелями,53,3,3,3
Пюре фруктовое из груш Дары Кубани,60,0,15,0
Грибной суп-пюре,54,2,7,2
Сырники классические Пятерочка кафе,189,16,0,4
"салатный микс айсберг, кейл, радиччо Белая дача",26,2,4,0.35
пельмени сочные с фаршем на молоке Сибирская коллекция,218,9,21,11
Пицца с курицей и ананасом,178,12,12,9
"крабовый салат с кукуруза,огурцы, яйца",78,4,8,3
Топпинг варёная сгущёнка Bombbar,241,6,11,13
Горчица Казацкая традиционный вкус острая Торчин,158,6,13,7
Морковь жареная,50,2,6,3
Тушеная капуста с нежирной говядиной,64,7,3,2
суп щавельник,52,2,7,2
Суп рыбный из семги,45,4,4,2
Филе пангасиуса в кляре,138,16,5,6
Салат овощной с фетой,153,4,3,14
Суп куриный (с курицей и грибами),47,4,3,2
лапша быстрого приготовления с курицей на домашнем бульоне Роллтон,412,8,52,19
рис с курицей,50,2,6,1
хлопья овсяные с курагой Ясно Солнышко,350,11,58,6
паштет с индейки,162,9,5,12
Блинчики с вишней Бабушка Аня,180,4,34,3
горбуша запеченая с овощами,221,21,4,13
Хек тушенный с овощами,85,12,4,4
лапша со вкусом говядины Домшим,400,8,51,18
Вареники с картошкой Три медведя,177,5,38,3
"салат кальмары, огурцы, яйца, майонез",103,12,1,6
уха из хека с картофелем,78,8,8,1
Голубцы с говядиной,121,7,8,6
Щи из свежей капусты на мясном бульоне,24,3,2,0.3
борщ на курином бульоне со свеклой без мяса,25,2,4,0.38
Куриное филе в духовке с ананасом и сыром,163,14,5,9
салат с капустой свежий,43,1,5,2
овсянка с бананом,129,2,14,0.8
запеканка картофельная с курицей,110,10,10,3
Солянка,69,5,3,5
Гречка со свининой,151,9,11,8
гуляш из курицы с подливкой,104,11,4,4
Гречка на кефире,51,4,8,0.2
шампиньоны фаршированые курицей с сыром,106,12,2,6
Горчица домашняя Верес,132,4,14,5
сырники на манке без муки,152,14,11,2
Бутерброд с красной рыбкой Bigler,274,9,0,18
суп фасолевый с курицей,39,3,5,0.9
Рисовый суп на курином бульоне,40,2,6,0.5
"Суп с белокочанной капустой, картофелем, морковью",17,0,4,0
Салат Спаржа по-корейски Leor,150,10,4,10
Блины с мясом Мираторг,160,6,19,7
Салат крабовый (со сметаной),112,9,15,1
Мясные подушечки классические Брестский мясокомбинат,256,9,27,12
Суп с пшеном,57,3,6,2
Каша 5 злаков на воде,90,3,18,0.8
Двойной чизбургер Макдональдс,254,15,18,13
Суп овощной на говяжьем бульене,47,2,6,2
щавелевый суп со свининой и картошкой,120,11,6,6
Куриная отбивная с сыром,234,17,2,17
ежики с рисом,207,11,14,12
кефир 2.5% Минская марка,50,3,4,2
Макароны с овощами,115,2,22,4
Салат листовой свежий микс Зелена Країна,14,1,0,0.5
Крупа гречневая алтайская Passim,350,13,57,2
Суп со звездочками куриный,45,3,5,2
Колечки Моя сладкая провинция,380,8,0,2
Жареный рис с яйцом,171,4,20,8
Капустняк с грудкой,69,12,4,0.5
суп рисовый с говядиной,49,0.3,3,3
Бутерброд Сэндвич микс с салями и копченой курицей Snack Time Gulfstream,286,9,34,13
печень куриная с морковкой и луком,134,19,3,5
Суши с огурцом,90,2,19,0.7
"салат редиска, огурец и помидор",32,0.8,0,2
Суп борщ с курицей Главсуп,38,2,3,2
капуста квашеная с морковью и хреном Мистер салат,22,2,4,0
Салат Винегрет Родинна ковбаска,126,2,7,10
Молозиво печеное в духовке,187,22,13,2
минтай тушеный со сметаной,110,17,1,4
Овсянка на воде с сахаром,74,2,15,1
горчица французская Щедро,123,10,14,3
Суп с вермешелью на курином бульоне,28,0.5,2,2
Хлеб Кукурузный ЭкоХлеб,242,8,49,2
Суп картофельный со свиной тушёнкой.,85,3,9,4
Шампиньоны жареные с луком,50,4,0.7,3
"Салат (ананас, сыр, копченая курица)",154,12,5,10
Салат из огурцов и помидоров без масла,18,0.85,0,0.19
Запеканка картофельная со свино-говяжьим фаршем,142,7,7,9
"'"Салат '"'"Зимний'"'"'"",280,2,12,25
чипсы стейк на углях 5G,420,9,66,13
Салат из свежих овощей,80,1,0,4
бабка со свининой,151,5,13,8
Салат Цезарь Vita Verde,16,1,3,0.2
Лапша быстрого приготовления Hot Chicken острая курица и крем карбонара buldak carbonara noodles Samyang,393,8,63,12
Салат со свеклой,72,2,11,2
Куриная котлета с кабачком,101,10,2,6
хлеб тостовый Край Каравай,272,8,51,4
Морковка по-корейски Санта Бремор,76,0.7,11,3
"'"Пюре чернослив '"'"Фрутоняня'"'"'"",74,0,18,0
Овсяная каша с вишней Увелка Доброе утро,350,10,0,4
Биток куриный Новус Novus,150,20,0,5
"Манты свинина, говядина",269,7,31,13
салат с авокадо и помидорами,82,1,4,6
Омлет со шпинатом,142,7,1,12
паста шоколадная с фундуком Mulatta Chikalab,487,23,9,34
Бутерброд с плавленым сыром и огурцом,148,6,24,4
Печеный картофель с куриным мясом и овощами,80,6,9,2
 деликатесный провансаль Марианна,250,0,6,25
Пицца с ветчиной и грибами,239,12,27,10
Макароны по-флотски из твердых сортов пшеницы (свинина-говядина),278,13,29,12
Смузи детокс чиа жимолость вишня клубника яблоко BioNergy,70,0.5,15,1
Суп молочный с рисом,54,2,5,3
Суп овощной с рисом,38,4,4,0.7
Лапша быстрого приготовления Роллтон с острой курицей на домашнем бульоне Rollton,413,8,52,19
Суп-пюре из брокколи,32,3,3,1
Быстросуп суп куриный с лапшой Gallina Blanca,340,2,72,2
Каша гречневая с тушёнкой,167,8,12,10
макароны со свининой,217,11,15,12
"Овсяная каша на воде со сахаром, маслом и солью",123,3,20,5
Салат с фасолью и курицей,150,11,16,5
Каша молочная гречневая Беллакт,68,3,8,3
Рассольник с курицей,60,3,4,3
Блины с ветчиной и сыром Булки про,203,10,10,12
"Бутерброд с авокадо, сыром и яйцом Пашот",230,8,17,13
Суп куриный со вкусом курицы с лапшой Reeva,340,3,69,5
Куриный бульон с лапшой,72,3,0,1
Суп куриный с перловкой,31,4,3,0.3
Грецкие орехи очищенные Haps,683,20,3,64
Салат Романо,17,1,1,0.3
Сосиска в тесте Влюбленный пекарь,230,12,24,14
Пельмени классика Цезарь,304,9,28,17
Суп с красной рыбой,35,3,4,1
яичный скрембл GF,399,32,24,19
суп гороховый с копчёными ребрышками,50,2,6,2
Мисо суп Леовит,340,8,54,10
Капуста квашеная с клюквой Leor,30,2,6,0.1
салат из капусты и кукурузы,77,4,0,4
круассан с ветчиной и сыром Мираторг,393,11,27,27
Панини с курицей Гама,256,12,31,11
Каша Гречневая с Грибами и Жареным Луком Ясно Солнышко,320,11,55,3
Котлета куриная с морковью в духовке,125,15,7,4
бутерброд с ветчиной и сыром Вкусвилл,244,11,31,9
куриная грудка запеченая с майонезом,167,21,0.5,8
Блинчики с ветчиной и голландским сыром Галя Балувана,296,12,27,16
Мясо по-французски с ананасом,121,16,4,5
Рассольник без мяса,35,0.74,4,1
салат листовой Зеленая грядка,14,2,2,0
Куриное филе в сливках,141,20,0.7,6
Греческий салат с сиртаки,120,4,5,9
щи из свежей капусты на рёбрах,49,2,4,3
филе куриное вяленое,292,53,0,9
Рис экстра для плова Агро- Альянс,420,6,79,0.9
Аджика острая Махеевъ,33,1,15,0
капуста с морковью тушёная на воде,32,2,6,0.3
Гречка с курицей и грибами,118,7,15,3
горчица баварская Камако,133,10,17,3
Суп Солянка сборная мясная по-домашнему Пятёрочка,70,4,0,4
Гречка охотничья Леовит,320,12,53,6
Багет с сыром Сильпо,242,10,43,5
Вишневое желе Ростагроэкспорт,80,0,20,0
хлеб подовый Хуторок,234,11,44,1
Салат с курицей и грибами,76,13,1,2
овсяноблин сыром и помидором,163,9,15,7
суп из помид.по тоскански,251,6,45,5
Филе из Птицы в сыре,256,22,6,18
"Минтай запеченый с морковью , луком под сырной шубкой",74,11,3,2
Салат нисуаз с тунцом,142,7,6,10
Паштет французский с яблоком и инжиром Галерея Вкуса,430,8,6,42
Гречка с мясом и грибами,128,9,10,6
Ёжики с рисом (говядина-свинина),130,7,9,7
куриная отбивная с ананасом,122,16,4,4
Блинчики Мамины с печенью Ермолино,211,10,28,6
Куриная грудка в духовке с овощами,145,19,0.8,7
Горбуша тушеная с овощами,77,8,1,4
Паста с морепродуктами в сливках с чесноком,197,12,27,4
болгарский перец на гриле,36,2,6,0.4
Помидоры жареные,75,2,6,5
Тефтели говяжьи,235,20,8,12
Суп-харчо с говядиной,84,4,5,6
Омлет с сыром 3 яйца,247,15,0.65,20
"Салат морковь, редька, майонез",88,2,6,6
Бульон куриный Галина Бланка Gallina Blanca,190,4,21,10
Чашка супа Борщ с сухариками Knorr,325,7,53,10
Толстолобик маринованный,146,10,3,10
салат оливье без заправки,108,6,6,7
овощи тушёный с мясом,77,6,6,3
Картошка в духовке с молоком,93,2,10,5
Пюре картофельное курица Петра,359,7,74,4
Котлеты из индейки Ложкарев,143,8,18,5
Куырдак,120,9,6,6
Салат крабовый с капустой,86,4,10,3
Запеченые овощи с сыром,60,3,3,4
пюре индейка овощи Фрутоняня,72,4,5,4
Салат крабовый со свежим огурцом и рисом,129,4,14,6
куриный суп с плавленый сыром,135,11,10,8
Тарталетки курица и грибы,185,11,10,11
Сырники малина Самокат,287,11,25,16
вареники с картошкой Галя Балувана,157,5,26,4
"Салат из курицы, кукурузы, моркови по-корейски и майонеза",196,12,7,13
лапша быстрого приготовления с говядиной Алькони,515,10,67,22
Борщ с щавелем и яйцом,36,2,4,1
круасан с курицей,247,22,14,11
Салат листовой Пучок-Свіжачок,14,2,2,0.1
Онигири с тунцом и майонезом,170,6,30,3
Чипсы со вкусом сыра Золотистые Жайвир Жайвір,510,4,48,34
Каша пшеничная на молоке 2.5%,124,6,19,2
Чука салат из морских водорослей Fish House,130,2,8,10
кордон блю Мираторг,235,13,12,15
Пицца с морепродуктами,215,12,3,12
жаренное сало с луком,573,2,2,62
"'"Сендвич '"'"Лента'"'" с курицей и яйцом'"",211,5,18,13
Сосиска в кукурузном тесте Мираторг,325,9,10,28
Александров нуга с фундуком,510,10,39,35
Шаверма на тарелке,150,8,120,9
Котлеты домашние с грибами и сыром Петруха,170,12,5,11
Рулет из лаваша с рыбой,210,13,19,8
Капустняк из свежей капусты,47,2,2,4
Крупа гречневая Щедрый год,330,13,0,2
яишенка,177,12,0.68,13
картофель по селянски,127,3,15,6
Полуфабрикат быстрозамороженный Сырники с шоколадными дропсами Галя Балувана,211,15,17,9
Суп с пшеничной крупой,39,1,6,0.75
Фаршированное яйцо,146,13,1,10
Спагетти Лингвине,357,12,73,0
Омлет с кабачком,52,3,4,2
Чизбургер Вкусно и точка,256,14,0,11
Салат из редиса со сметаной,68,0.9,1,7
вареники с картофелем и грибами Рестория,200,6,35,4
Торт Сникерс дом,357,6,39,20
Омлет с курицей,127,16,1,6
Салат Щетка (Метла) без растительного масла,36,2,7,0.13
Салат с авокадо и с огурцом,90,1,5,7
Тушёный куриный окорочек без кожи,171,28,0,6
жареная брюссельская капуста,54,5,2,3
Сироп из топинамбура натуральный Teabreeze,267,0,66,0
Еврейский салат,318,12,13,24
поке с лососем,146,4,20,5
Буженина запечённая Брестский мясокомбинат,253,12,2,23
"Салат (свекла, горох, огурец)",70,2,10,2
Рисовая каша с изюмом,120,3,24,2
Суп-лапша с индейкой,27,3,4,0.2
Капуста квашеная кислая для щей Фэг,16,2,2,0
Лапша быстрого приготовления Кимчи Рамен Nongshim,436,8,67,15
суп перловый свинина,67,0,6,3
фруто няня цыпленок говядина,98,8,4,5
Гречневая лапша с курицей и овощами,119,10,12,3
Морковча острая Спар-томск,110,1,8,8
Суп пюре из цветной капусты,36,2,5,1
Плацинда с картошкой,186,3,23,10
 провансаль сметанный Ряба,620,0,2,67
Пюре индейка Фрутоняня,91,10,4,4
Ризотто с морепродуктами,155,8,21,7
Лазанья с мясом цыпленка Гранд Меню,142,8,0,4
Суп булгур куриный,45,6,4,1
Салат крабовый с рисом,195,6,11,14
Цукини запеченый,56,0,0,6
суп вермишелевый с колбасой,51,2,4,3
"Салат из рукколы, капусты пекинской и огурца с горчичной заправкой",77,2,2,6
Холодец говяжий Домашний Диво,46,6,0.3,2
куриная поэлья,330,9,65,4
Каша Овсяная с клюквой и яблоком Ясно Солнышко,360,9,65,5
"рулетики из ветчины, фаршированные сыром и чесноком",332,14,3,30
Салат 'Цезарь' с лососем.,240,17,9,11
Суфле куриное,164,30,2,4
Суп грибной с курицей,32,2,2,2
Бутерброд Бургер с курицей и  ----ом BBQ Фора,216,11,24,9
"Борщ с капустой, картошкой, куриным мясом",25,2,2,1
Чесночные гренки,236,3,63,0.5
Пюре из цветной капусты,66,3,6,4
Картофель запеченный в сметане,96,3,7,4
Суп гречневый с грибами и картошкой,43,1,6,2
Яичница с ветчиной,160,9,2,13
Свежие щи из индейки,22,3,2,0.5
Запеченая картошка с фаршем,120,8,11,5
Чипсы Hroom со вкусом сыра Снэк Продакшн,522,7,55,30
Спагетти с курицей и овощами,83,8,10,1
блины с творогом и изюмом ермолино,230,7,42,4
Салат сельдь под шубой классика ВкусВилл,167,6,5,14
Свекольник «Леовит»,260,8,38,0
томатная паста Ящик астраханских помидоров,107,4,15,4
Салат из фасоли и марковки,128,4,12,7
морская капуста в уксусно-масляной заливке Салат Витаминный 365 дней,78,1,5,6
Гороховый суп на курином бульоне,80,4,0,0.82
дымдама (дымлама),132,6,3,10
салат из помидоров огурцов и шпината с маслом,42,1,3,3
Котлеты на пару,231,15,0.8,18
драники с курицей,179,5,16,10
Пюре со вкусом курицы Горячая пюрешка! Тетя Соня,286,6,64,5
куриные отбивные с сыром и помидором,133,17,2,6
Овощные котлеты,102,15,4,3
Сырные нагетсы Мираторг,312,9,28,18
с мясом(свинина) и овощами,119,4,11,6
Паста с креветками со сливками,107,8,12,3
Бутерброд с мёдом,131,0,0,0
Лимонадик Яблоко арония клубника лимон базилик Фрутоняня,28,0,0,0
Капуста квашеная Алые паруса,19,2,3,0
суп со свининой и лапшой,49,2,4,3
Паштет с печенью Славянский мясокомбинат,190,10,2,16
Салат из морских водорослей чука с орехово-кунжутным  ----ом Лента,82,2,0,4
"Салат помидор, капуста, руккола, шпинат, реган (без масла)",23,2,4,0.1
Пельмени с маслом,218,11,0.74,15
Курица тушёная со сливками,114,16,3,4
куриный суп с яйцом,41,3,3,2
запеч. курица по-французски,77,11,4,2
Салат с крабовыми палочками,125,5,11,7
котлеты из куриной грудки с капустой,114,16,2,4
Блины с сыром и ветчиной Солнцепек,220,8,20,12
"огурец, помидоры и оливковое масло",58,0.8,4,4
сосиски сливочные Папа может,225,9,0,21
Вареники с картошкой и печенкой Своя линия Своя Лінія,274,8,58,1
Чипсы картофельные золотистые со вкусом бекон Жайвир Жайвір,510,4,48,34
Бутерброд с полукопченой колбасой Панини,260,9,34,10
Плов с курицей Самокат,140,5,0,6
Солянка колбасы и свинина,182,10,2,15
Котлета 'Пожарская',299,10,10,21
Картофель печёный с оливковым маслом,130,2,15,7
"Запеканка из куриного филе с яйцом,сыром и морковью",166,18,4,8
Онигири курица с грибами,114,4,22,1
салат с черносливом и курицей,171,12,7,7
окрошка с курицей на сметане с доставлением майонеза,72,4,3,4
"Салат помидоры, огурцы, брынза",54,3,4,3
Биточек из индейки и рикотты с овощами гриль Милти,89,6,4,5
утка жареная,266,23,0,20
Курица карри с рисом,167,8,15,8
Хинкали с сулугуни,278,15,3,13
Творог со сметаной и изюмом,210,11,13,12
Вареники с картофелем и грибами Цезарь,226,6,33,8
Блинчики с яблоком и корицей Бабушка Аня,150,4,27,3
макароны с куриной грудкой,286,11,49,4
Салат с капустой и майонезом,37,1,4,2
ролл с курицей милти,217,9,22,10
Пельмени Домашние рецепты,220,9,25,10
картофель жаренный Перекресток,111,2,19,3
Банош,163,4,18,8
Салат микс из руколы Vital,21,1,2,0
Салат Табуле,112,2,9,8
Котлеты Сочные Домилле,243,9,9,19
салат с ветчиной и сыром,290,12,3,23
оладьи из тыквы,135,4,5,11
йогурт Альпенгурт,75,3,16,0.1
"Салат с курицей, яйцом и овощами",99,10,4,5
Бандерики с курицей и сыром Галя Балувана,215,17,14,9
Рис Супер Басмати Агро-Альянс,340,10,75,0.2
салат Цезарь без заправки,68,6,2,5
Пицца Диабло Додо,214,8,28,7
Морковка по-корейски Летнее настроение,30,2,0,0
Салат Мимоза Лента,225,9,5,19
зразы картофельные с фаршем свиным,169,6,16,9
Оладушки пышные,146,6,22,3
Куринная отбивная в сыре,343,11,0.1,33
Лапша вок с курицей Рестория шеф,181,5,20,9
суп из чечевицы с индюшатиной,58,4,6,2
салат помидоры и сметана,60,2,5,5
Аджика армянская острая Кубаночка,64,0,16,0
Бутерброды с помидорами,130,3,18,5
Мяснушки Ложкаревъ,240,9,0,12
яичница с курицей и луком,182,12,1,14
Салат с курицей Сильпо,258,11,0,22
Салатный микс №2 Серджио Правило салата,24,2,4,0.2
Сардина с овощами Fish House,75,8,3,4
Салат со свеклой сыром и чесноком,211,7,8,17
Блины с ливером,302,13,12,18
зажарка морковь с луком Чумак,153,1,15,9
Курица терияки Львовские круассаны Lviv Croissants,283,12,20,17
Рис с зажаркой,181,3,25,8
салат с айсбергом,101,3,12,4
Суп Джин Рамен слабоострый Jin Ramen Mild Ottogi,416,10,66,12
Хостеры мини-сосиски в тесте Горячая штучка,230,8,0,13
Печёночный торт Самокат,111,8,0,4
Сыр жареный в панировке.,229,10,8,17
гречка с морковью и луком (в мультиварке),117,4,20,2
курица гриль ашан,184,22,1,9
Острый додстер Додо пицца,189,10,20,7
Капуста цветная отварная,29,2,4,0.3
Суп из чечевицы постный,46,2,7,1
катлеты из индейки,83,17,1,1
блины с печенью Ермолино,299,8,33,15
Свиные тефтели на пару,172,7,12,10
грибной суп с мясом,70,4,5,4
филе курицы увареное,154,30,1,3
Онигири с форелью и имберем Eat Великоросс,240,6,25,13
Кус-кус по-мароккански Жменька,330,10,72,0.4
Панини Гурман Гама,320,12,38,9
салат грибная поляна с шампиньонами,231,6,0,20
салат маринованный огурец,50,1,4,4
жвачка Chupa-Chups,286,0,71,0
Тушеная картошка с куриной печенью,134,18,1,6
колбаски баварские,363,12,18,35
Котлеты капустные,84,11,6,1
Стрипсы Вкусно и точка,225,14,0,10
варёное куриное крылышко,190,21,0,10
Салат из свежей капусты с огурцом Перекресток,122,2,6,10
Чечевичные котлеты,118,7,15,3
"'"'"'"Индана'"'" заправка корейская для спаржи и фунчозы'"",330,0.2,25,25
"овсяный блин(овс.мука 50г,яйцо1шт,молоко1%=100г)",148,8,17,5
Лапша быстрого приготовления Euro express,448,9,57,21
"'"Ролл '"'"Ай - твистер Чиз'"'" '"'"КФС'"'" KFC'"",256,10,23,14
Борщ на курином бульоне,43,4,3,2
котлеты куринные зап.,146,25,4,3
Подлива со сметаной и филе,140,20,8,3
спагетти с сыром Горгонзола,340,12,73,0
булочка с сыром и шпинатом,290,9,25,16
молодой картофель с укропом и маслом,78,2,12,2
подлив с куриным филе,125,22,6,2
Венгерская ватрушка,262,8,26,14
Суши с креветкой классика,229,15,38,3
Паштет печеночный гусь Рузком,314,7,4,30
Лазанья с курицей,378,30,33,13
Active&fit protein keny?r Pierre baguette,202,13,6,13
Пельмени с говядиной Ермолинские Ермолино,267,8,25,15
Гавайская смесь жареная,151,4,24,5
Запеканка из цветной капусты и куриного филе,111,7,3,6
 Классический густой Heinz,620,1,2,67
Кабачки запеченые с сыром и фаршем,137,8,3,10
чипсы куриные сыровяленые,125,20,0,5
Калифорния запеченная Почтальон суши,185,6,17,10
Кашка молочно-злаковая банан Ама Мама,74,3,0,2
Макароны с кусочками говядины,297,14,20,18
Щавелевый суп из свинины,65,4,1,5
Соте из баклажанов,38,0.9,5,2
Рис шлифованный камолино премиум Своя линия Своя Лінія,330,7,71,1
Салат сельдь под шубой Creative kitchen,229,4,7,20
бульон из говядины,4,0.6,0,0.2
Картошка печеная с луком и слив маслом,99,2,16,3
Блины с курицей Мираторг,141,6,18,5
Пельмени с охлажденным мясом курицы Мишутка Три Медведя Три ведмеді,214,11,27,7
Роллы с лососем и огурцом,128,8,22,2
поджарка из куриного филе,112,9,2,8
капуста тушёная с говяжьей тушенкой,86,5,4,5
Рассольник с мясом,62,1,5,4
Рулетики Devole фаршированные масло-чесночным ароматом Dania Express,139,14,9,5
Овощи для жарки И Зимой и летом,50,2,10,0.2
салат капуста огурец кукуруза сметана,70,2,8,3
Борщ зеленый со сметаной,35,2,3,2
Киш с лососем и шпинатом,197,10,14,12
Тефтели сибирские с гречкой Кухня большой страны,120,8,12,9
суп капустный,38,3,6,0
Сэндвич ролл с индейкой и тыквой Вкусвилл,188,11,24,5
"Салат с ростбифом, шпинатом и рукколой в медово-горчичном  ----е МИЛТИ",213,9,9,16
Салат Лечо,50,0.9,8,2
Роллини с творогом и зеленью Valesto,275,8,27,15
Томатная паста Итальянская Passata Di Pomodoro,26,1,4,0.1
Свинина с грибами в сметане,167,13,2,11
Пельмени Бигбули с мясом Горячая Штучка,240,8,0,10
Жаркое со свининой и картошкой.,349,12,23,23
шаурма с варёной колбасой и помидором,190,6,15,12
Роллини с курицей Novus,238,10,0,11
Пельмени сибирская коллекция с курочкой Сибирская коллекция,200,10,0,6
Голубцы со свиным фаршем,166,7,23,10
Сырники с вишневой начинкой Мираторг,200,10,17,5
Курица с макаронами,140,13,14,7
щи с квашеной капустой и курицей,36,2,0,1
Лаваш армянский тонкий бездрожжевой Мэри-Лайн,278,9,56,1
Телятина тушеная с овощами,72,9,4,2
салат помидоры чеснок сыр,163,5,4,14
Кабачковая икра Горынь,80,1,8,4
Салат из квашеной капусты,89,2,10,5
борщ из бульона на бедре индейки,49,5,4,1
Кускус с грибами овощами и сливками Holm's,341,13,67,2
гратен из картофеля,135,5,10,8
грибы гриль,37,3,4,1
морковь корейская острая Masiso,100,1,12,5
Яичница из 2 яиц с луком,90,5,5,7
Сырники жареные Перекресток вкусов,207,12,24,11
Багета с битком Гама,272,10,45,13
краснодарский  ---- томатный Рестория,80,1,20,0
"Салат (яйцо, колбаса, зелень, картошка, огурец)",120,6,5,7
рибні котлети з фаршу,141,19,5,4
Салат из свеклы Chudova Marka,82,4,10,3
каша овсяная с бананом на молоке Новокаша,300,11,51,6
"'"Сэндвич-ролл '"'"Цезарь'"'"'"",230,17,22,8
ПП оладьи на рисовой муке,180,7,28,3
Манты с тыквой,219,4,29,11
Котлеты По-Киевски Петелинка,240,14,8,17
горчица жгучая Uni Dan,91,7,11,2
свиное сердце тушеное,115,16,4,4
Уха из скумбрии,38,3,3,2
Блинчики с творогом По-домашнему Отец семейства,196,9,20,8
Треска запеченная с сыром,213,10,16,12
Капуста тушенная без мамла,30,2,5,0.1
Макароны по-флотски Кухня на районе,133,8,0,5
крупа гречана Посад,335,13,62,3
Чоризо фреш Додо Пицца,279,11,0,9
Пельмени говядина/свинина Ложкарев,290,8,38,12
салат козел в огороде(с майонезом),144,2,7,12
Панини Цезарь Deluxe Pan Panini,257,11,0,13
Крем-суп быстрого приготовления томатный Любисток,306,6,46,10
Суп овощной с перловкой,37,0.77,5,2
зелёный борщ с говядиной,73,6,4,4
капуста тушеная с говяд,76,7,4,4
Пицца Четыре сыра Цезарь,270,10,23,15
Сироп вишнёвый стевия,43,0.13,22,0
"салат с сельдереем, курицей и яблоком",133,6,4,11
 провансаль с перепелиными яйцами Деликатье,610,0.5,0.4,67
колбаски домашние куриные,94,17,1,2
Макароны с грибами и сыром,249,8,32,10
Салат цветочный микс Metro Chef,21,2,0,0.3
Пицца карбонара Доминос минск,224,10,0,9
"салат с тунцом, фасолью и яблоком Вкусвилл",97,4,14,3
салат 'беліссімо',19,1,0,0.17
Крем-суп из шампиньонов,95,6,9,4
Тыква жареная,86,2,7,6
Горчица Крепкая Руна,178,9,17,8
"салат плавленые сырки, яйца, чеснок,  28%",223,14,13,13
морковные котлеты,122,6,10,6
Фрикадельки с картофельным пюре Рестория шеф,100,4,9,6
"огурец, помидор, сметана 15%",24,1,3,0.86
Цезарь Burger King Бургер Кинг,219,8,24,10
сендвич-ролл ветчина сыр,179,5,18,9
Самое время салат с кальмаром Санта Бремор,290,4,9,26
плов с курицей Натур буфет,150,5,18,6
Печень с луком жареная,188,17,9,10
Борщ с килькой в томате,32,2,4,0.9
Картошечка по-деревенски Трюфельный  ---- Бульба chips,520,4,57,30
Лапша для лагмана,214,8,41,2
Бульон из конины,23,4,1,0.8
орама,213,11,20,10
крем-суп моментального приготовления Гороховый Street Soup,306,21,52,1
креветки Бургер Кинг Burger King,150,8,23,2
 Лука Золотой,550,0.3,2,60
Драники картофельные ВкусВилл,130,3,14,7
cахарозаменитель Best Time,20,0,0.2,0
Картофельное пюре с молоком Кунцево,360,10,80,0.3
Макароны с сосисками и сыром запеканка в духовке,272,13,23,14
слойка с сыром и колбасой,342,12,24,18
Суп сырный с креветками Милти,146,6,0,12
Паста с морепродуктами,150,13,2,7
Варёные спагетти с маслом и сосисками.,112,4,23,0.4
Огурцы + Помидоры с оливковым маслом,37,0.9,4,2
Перловый суп с грудкой,41,5,5,0.2
котлета зраза,247,17,10,15
Наггетсы Ермолино,152,14,15,4
Протеиновый томатный крем-суп Bionova,275,20,9,1
Котлета куриная с луком,192,19,2,12
Суп из сушеных грибов,43,1,5,2
блинчики с сыром,348,11,34,18
Мисо-суп с водорослями,115,6,17,3
Салат из куриной грудки и морковки по корейски,170,9,4,12
Творожный манник (9%),235,10,31,7
свинина в панировке,241,13,4,19
Ke?up jemny Kania,102,2,22,0.4
морковь по-корейски в майонезном маринаде Мистер салат,120,2,7,8
Молочная каша рисовая Маленькое счастье,86,2,0,1
Картофельная запеканка с мясным фаршем и сырным  ----ом Милти,146,6,9,10
Овощная поджарка,90,4,13,2
овсянка 5 злаков,334,11,71,3
 провансаль оливковый gusto Gusto,480,0.4,0,50
"салат из помидоров, сыра и яйца",120,7,2,9
салат черемша с яйцом,120,8,3,8
кулеш с курицей,120,7,18,2
суп-пюре грибной Creative kitchen,48,2,4,3
пшенно рисовая каша,127,3,23,3
Аджика томатная по-домашнему рецепту Помидора,46,0,10,0.09
Сироп со вкусом кокоса Syrup Coconut Emmi,256,0,64,0
фаршмак мой,230,11,3,20
индюшиная голень в духовке,170,20,0,7
Холодец домашний Окраина Богородский,64,6,0,4
запеканка из макарон с яйц,249,8,37,7
Котлеты куриные Фитнес Галя Балувана,228,20,0,4
салат из помидор и зелени,39,0.8,4,2
Картошка хрустящяя с беконом Файна Бульба,485,5,39,36
Ленивые голубцы без риса из куриного фарша,162,16,4,9
Суп пшеничный на курином бульоне без картофеля,46,4,4,2
блины замороженные с курицей Французские Еліка Элика,129,6,22,2
"'"Каша '"'"Масляный Король'"'" льняная с амарантом'"",283,34,12,11
Суп корейский с морскими водорослями ВкусВилл,306,18,54,2
Гречка с курицей Холодушка,180,7,29,4
Куриный суп из пакета с вермишелью express Rimi,327,9,0,2
Халык Сэндвич с колбасой и сыром Шужыкпен,275,11,0,12
трио гриль овощи на мангале Bonduelle,36,3,6,0.2
борщ с курицей без зажарки,41,5,5,0.2
Сырники ПП с изюмом,179,15,18,5
фасоль стручковая отварная с морковью,36,2,4,0.6
каша ячневая с подлив курин,89,6,9,3
салат любовница,195,8,13,13
Сироп Вишневый Топпинг,345,0,0,0
Суп с овощами без мяса,28,1,4,0.6
греча с печенью куриной,121,9,10,5
Салат-микс Цветочный Пучок-Свіжачок,21,2,0,0.3
сендвич с ветчиной и беконом Good Food,378,10,32,22
Пицца Guseppe четыре сыра Dr.Oetker,284,9,32,13
Лапша острая рамэн со вкусом курицы buldack hot chicken flavour ramen Samyang,352,7,61,10
Салат коул слоу из овощей Вкусвилл,113,1,6,9
салат московский,194,6,8,16
Пшенная каша с курицей,140,13,19,2
суп-пюре со вкусом курицы хрустящие сухарики Доширак,321,4,64,5
Лапша с натуральным мясом курицы Premium Доширак,351,8,45,15
Суп горячая кружка Гороховая с гренками Knorr,37,2,0,0.8
кудрявый суп с вермишелью и яйцом,27,3,2,1
рис пропаренный Семейные закрома,330,7,71,1
Мимоза с горбушей,268,9,4,24
куриная грудка с луком и томатной пастой с водой,135,15,8,5
Курица запеченная с грибами в сметане,175,11,2,14
"Куриное филе, брокколи,стручковая фасоль, шампиньоны(лук,морковь)",66,5,5,3
языки в желе по-домашнему Слонимский,109,12,0.2,6
Биточки из филе люкс мясные замороженные Ганна,193,16,0,13
спагетти с яйцом,346,12,72,1
Курица с чесноком в рукаве,149,13,2,10
Котлета из птицы с капустой тушеной Волков,112,6,9,6
"Салат из помидоров, капусты и сладкого перца Гиппо",110,1,0,10
рол симфония с креветкой BB,185,9,17,10
Салат 'Цезарь' микс зелени,16,2,2,0.24
салат с тунцом и кукурузой,92,8,6,4
Винегрет с копченым лососем Милти,111,4,7,7
Фламиш с ветчиной и сыром Перекресток,237,11,0,12
супер гречка со вкусом гуляша Роллтон,330,11,65,3
Лапша с курицей Noodle,95,2,12,4
Пельмени замороженные с индейкой Три Медведя,243,11,28,10
Пицца Мини Ветчина и сыр Вкусвилл,198,11,0,6
Плов с мясом по-узбекский Домашние консервы,210,8,23,8
салат с картофелем и сельдью,93,3,10,4
Творог с малиной,120,13,10,3
"Салат со свеклой, черносливом, орехами и чесноком",207,2,13,16
ядреный хренодер,30,2,5,0.2
Паштет с добавлением гусятины Pamapol,255,6,7,22
Рыбные фигурки Глобус,193,10,0,9
Блинчики с капустой и грибами,130,4,14,9
Коктейль тропический кусочки,86,0,22,0
Хреновина Знаток,76,2,15,1
Куриный крем суп с луком и сухарики goracy kubek Knorr,34,0.6,4,2
детское пюре мясное,180,8,5,12
"Запечённая цветная капуста с фаршем, сыром, сметаной",270,15,5,17
Икра баклажанная сырая,75,1,4,6
Хлопья овсяные быстрого приготовления Экзотик Кашка Минутка,317,9,59,5
салат с плавленными сырками и морковью,151,9,14,7
Щи рыбные,23,2,3,0.3
Рисовая лапша с овощами,164,12,18,5
"Яки удон со свининой, Евразия",224,10,21,11
Пельмени чучвара,179,10,26,4
Гречаники из свинины Галя Балувана,252,10,14,19
Салат из морских водорослей маринованных чука с кунжутом Магнит,90,3,0,4
Суп с макаронными изделиями,48,1,6,2
Тефтели с рисом в духовке,255,12,23,12
салат крабик,131,5,4,10
курица карри с рисом Мираторг,176,10,0,4
салат греческий с курицой,136,12,2,7
"макароны с фаршем, домашние",280,11,45,6
"Куриная грудка, сыр, помидор",113,17,2,4
Рыба тушёная в томате с овощами Ирина Сервис,171,16,8,8
Суп куриный домашний,119,14,15,2
суп макаронний,47,3,4,2
Блины на ряженке и воде,130,5,20,3
Салат сельдь под шубой Самокат,205,6,6,17
Сэндвич с куриной отбивной Чародейка,243,12,0,12
Куриные рулетики с овощами,163,31,4,3
Салат из морской капусты витаминный Магнит,60,9,3,8
Вареники замороженные рецепт Жюльен Білий Бик,233,12,27,9
